{
  "turkey_probs": {
    "p_advance": 0.0987,
    "p_1st": 0.0119,
    "p_2nd": 0.0868,
    "p_3rd": 0.4564,
    "p_4th": 0.4449,
    "avg_points": 2.2068,
    "avg_gd": -2.7827,
    "p_advance_full": 0.331,
    "round_of_16": 0.09728,
    "quarter_final": 0.02588,
    "semi_final": 0.00732,
    "final": 0.00156,
    "champion": 0.00048
  },
  "mean_brier": 0.041832143959197,
  "n_matches": 1
}