{
  "n_test": 981,
  "n_holdout": 981,
  "bayesian": {
    "brier": 0.5345227913669403,
    "log_loss": 0.9020210253669412,
    "accuracy": 0.5694879832810867
  },
  "lgbm": {
    "brier": 0.543553975604615,
    "log_loss": 0.9201194263182931,
    "accuracy": 0.5657492354740061
  },
  "ensemble": {
    "brier": 0.5329557307503862,
    "log_loss": 1.028223902187647,
    "accuracy": 0.5626911314984709
  },
  "baselines": {
    "equal_odds": {
      "brier": 0.6666666666666666,
      "log_loss": 1.0986122886681098,
      "accuracy": 0.45769622833843016
    },
    "always_home": {
      "brier": 0.6435451580020388,
      "log_loss": 1.0655579873100671,
      "accuracy": 0.45769622833843016
    },
    "base_rate": {
      "brier": 0.6434487681857431,
      "log_loss": 1.0654255195328257,
      "accuracy": 0.45769622833843016
    }
  }
}