{
  "n_test": 981,
  "n_holdout": 981,
  "bayesian": {
    "brier": 0.5430839627361959,
    "log_loss": 0.9136787294486448,
    "accuracy": 0.5611285266457681
  },
  "lgbm": {
    "brier": 0.5524100494321343,
    "log_loss": 0.933262762211357,
    "accuracy": 0.5575942915392457
  },
  "ensemble": {
    "brier": 0.5405571597079569,
    "log_loss": 1.0380424309711227,
    "accuracy": 0.5504587155963303
  },
  "baselines": {
    "equal_odds": {
      "brier": 0.6666666666666666,
      "log_loss": 1.0986122886681098,
      "accuracy": 0.44648318042813456
    },
    "always_home": {
      "brier": 0.647622629969419,
      "log_loss": 1.071360043527975,
      "accuracy": 0.44648318042813456
    },
    "base_rate": {
      "brier": 0.647420250820638,
      "log_loss": 1.0710006823220568,
      "accuracy": 0.44648318042813456
    }
  }
}