{
  "n_test": 981,
  "n_holdout": 981,
  "bayesian": {
    "brier": 0.5412320651226581,
    "log_loss": 0.911049666186758,
    "accuracy": 0.5632183908045977
  },
  "lgbm": {
    "brier": 0.5512332263704112,
    "log_loss": 0.9315154584957513,
    "accuracy": 0.5586136595310908
  },
  "ensemble": {
    "brier": 0.5381786184532719,
    "log_loss": 1.0338691200588757,
    "accuracy": 0.5545361875637105
  },
  "baselines": {
    "equal_odds": {
      "brier": 0.6666666666666666,
      "log_loss": 1.0986122886681098,
      "accuracy": 0.44954128440366975
    },
    "always_home": {
      "brier": 0.6465217125382264,
      "log_loss": 1.069797885657131,
      "accuracy": 0.44954128440366975
    },
    "base_rate": {
      "brier": 0.6463915308288677,
      "log_loss": 1.0695612649166168,
      "accuracy": 0.44954128440366975
    }
  }
}